Company,NET Income,Operating Income,Total Assets,Number of Employees,Buyers
RAX,3577,8075,33037,1336,[UVA;BPQ;JJH]
BSC,692,941,4616,81,[JJH;XQM;HTK;CVS;CUF;KPV]
WDO,4456,11277,44634,2012,[KPV;YWA;FQR;DBH;EAU]
GVT,1570,2564,11699,306,[EAU;ZCC]
PNY,3185,6801,28305,1078,[ZCC;GWT;HWF;CYO]
LXL,2449,4668,20161,669,[CYO;MPF;AIR;HCH;RTZ;DDD]
UQP,4063,9786,39280,1693,[DDD;NGB;UPK;JHW;SZO]
QAC,3327,7251,29987,1168,[SZO;NBW]
ZSH,4942,13254,51637,2445,[NBW;LDI;JCR;TFQ]
IKL,2056,3668,16209,490,[TFQ;FPT]
EVY,1320,2052,9542,228,[FPT;PGL;AQP;KHG]
OND,2935,6039,25430,928,[KHG;SCW;GVI;NDS]
XFI,4549,11645,45943,2092,[NDS;XGQ;JQU;THL;OJU;OJG]
TPU,3813,8887,36014,1504,[OJG;ZMF;TON;UNA;PPI]
CHZ,928,1329,6385,128,[PPI;ZSH;LQE;VTC;VSP]
YSM,4691,12215,47970,2216,[VSP;QUX]
HKQ,1806,3081,13836,390,[QUX;YPN;MWS]
QCV,3421,7556,31119,1230,[MWS;TQJ;DTH;SAM]
MMI,2684,5313,22658,789,[SAM;ZUC]
VEN,4299,10670,42462,1881,[ZUC;NBH;VWX;SGO]
FWR,1414,2240,10339,256,[SGO;QXT]
BHE,677,917,4507,78,[QXT;AAR;VCZ;WBM;RDV;BUM]
KZJ,2292,4257,18549,594,[BUM;PNY;WHO;GZG;SJJ]
GJV,1556,2534,11574,301,[SJJ;ZDA;JUR;YND]
PBA,3170,6754,28130,1069,[YND;FVM]
YTF,4785,12599,49329,2301,[FVM;DGD;BJO;LAG;WKK;UVA]
UES,4048,9731,39082,1681,[UVA;EMS;COD]
DWW,1163,1752,8245,184,[COD;ZNN;HHD;SRH]
NOB,2778,5580,23682,840,[SRH;CJY;MMX;YWA;INS;PHI]
IYO,2041,3632,16063,483,[PHI;EON;LID;JTU;JSH]
SQS,3656,8343,34022,1391,[JSH;EUP]
NBF,2920,5994,25261,920,[EUP;MPF;MOS;KZJ]
XTK,4534,11585,45732,2079,[KZJ;IPN]
GLP,1649,2733,12403,333,[IPN;FAE;NUU;BBZ;IWP;SZO]
CVB,913,1304,6269,124,[SZO;EXL]
LNG,2527,4879,20980,708,[EXL;OAJ;CHO;KBE;RVU;FCZ]
VFL,4142,10078,40333,1755,[FCZ;PFY;KHG;LHT;GJB]
QQX,3406,7507,30937,1220,[GJB;QAT;OCE;MNV;VEN]
AIC,520,679,3389,52,[VEN;HOQ]
VSP,4284,10613,42257,1869,[YSM;HOQ]
FKU,1399,2210,10211,251,[HOQ;OJG;DPL]
ODY,3013,6273,26316,974,[DPL;KKC;UBT;IUF]
KNL,2277,4219,18398,587,[IUF;QOV]
TFQ,3892,9166,37033,1562,[IKL;QOV;AFN]
CXU,1006,1466,6992,145,[AFN;LPQ;VSP]
YIH,4770,12538,49111,2287,[VSP;QJQ]
IAM,1885,3262,14573,420,[QJQ;RUK;BLC;WNK;HXO;ROF]
DKY,1148,1724,8124,181,[ROF;ZIV;NBH;XSZ;ENP]
NCD,2763,5537,23518,832,[ENP;TUU;AOK;YZB]
WUI,4378,10973,43548,1946,[YZB;WPF]
SFV,3641,8292,33834,1380,[WPF;GSE;BUM;BUZ;WWH;XVU]
BXZ,756,1043,5086,92,[XVU;VFL;CAB;DZO;XBW]
KPE,2370,4460,19346,631,[XBW;FVM;TCR;DFQ]
GZR,1634,2701,12269,328,[DFQ;PDN]
PRW,3249,7002,29058,1118,[PDN;ZHL;GBB;UIG;CCW;ZNN]
LCI,2513,4840,20831,700,[ZNN;AMA;HHQ]
UUN,4127,10022,40133,1743,[HHQ;FFA;DIL;BSC]
EMS,1242,1901,8892,206,[BSC;ZJG]
AWE,505,657,3285,50,[ZJG;WUX;EON;ENA;ZPI;JHA]
JOJ,2120,3824,16833,517,[JHA;VQE;FUC;PLU]
SGO,3735,8614,35018,1447,[PLU;AVX]
ORB,2998,6228,26146,965,[AVX;IPN;SGF;GZR]
XJF,4613,11900,46851,2148,[GZR;NIA]
TTS,3877,9113,36839,1551,[NIA;LSR;JVC;HUM;OOC;CHO]
CLX,991,1439,6874,142,[CHO;JPX]
MDB,2606,5095,21818,748,[JPX;USW;IZB;PUR;XOH;LVM]
HOO,1870,3228,14432,414,[LVM;VYL;QAT;QZG;LBO]
RGT,3484,7764,31889,1272,[LBO;MAB;TVR;RFI;SFV]
AYY,599,797,3946,65,[SFV;NHD]
WIK,4363,10915,43341,1934,[NHD;UBT;IIY;QCO]
FAP,1477,2369,10884,276,[QCO;QBB;OMS;VHI;JNN;RID]
BLC,741,1018,4975,90,[RID;MJY;WMX;LTC;SNS]
KDG,2356,4423,19201,624,[SNS;NPA;OON;YSM]
UVL,3970,9447,38052,1621,[YSM;TUU]
PFY,3234,6955,28881,1109,[TUU;TTH;OVP]
ZXD,4849,12864,50263,2359,[OVP;YMH;KWK;UZJ]
IQH,1963,3445,15313,451,[UZJ;BIS]
EAU,1227,1872,8768,202,[GVT;BIS;PAE;XVU;HMM]
NSZ,2842,5765,24389,875,[HMM;SWP;CNH;AYY]
JCL,2105,3788,16686,510,[AYY;YAJ]
SVQ,3720,8563,34828,1436,[YAJ;IRB;DUJ;PDN]
BNV,834,1171,5669,108,[PDN;ZVE;JYD;XFI;EZY;MTO]
XXH,4598,11840,46638,2134,[MTO;AAT;HVJ;FFA;GFN]
HPM,1713,2873,12981,356,[GFN;NZD]
QHR,3327,7252,29988,1169,[NZD;BGI;IAY;GLP]
MSE,2591,5054,21658,740,[GLP;EBT]
VKI,4206,10317,41195,1806,[EBT;CMK;JHA;KGN;FIV;FHI]
RUV,3469,7715,31706,1262,[FHI;AJR;KMP;ZTU;GNK]
AMA,584,774,3839,62,[GNK;NIA;BOF;MSE]
JEF,2199,4021,17614,552,[MSE;XQB]
FPR,1462,2338,10754,271,[XQB;HTZ;PNP;DUU;KOK;IZB]
OHW,3077,6467,27050,1012,[IZB;IYO]
YZB,4692,12219,47982,2217,[IYO;DAW]
TJN,3955,9393,37856,1610,[DAW;NSO;LUZ]
DBS,1070,1580,7497,161,[LUZ;GWH;QNZ;FGL]
ZMF,4834,12802,50044,2345,[FGL;MAB]
IEK,1948,3410,15170,445,[MAB;WRT;IBW;STO]
RWO,3563,8027,32861,1326,[STO;ZNE;NGQ;XXH]
NGB,2827,5721,24223,867,[XXH;SZQ]
WYG,4441,11219,44426,2000,[SZQ;QBB;OAL;VVB]
GQK,1556,2534,11575,301,[VVB;WUO;TFF;BZV;PGA;WAQ]
BBX,820,1147,5563,105,[WAQ;GDO;SBL;CEK;QLP]
LTC,2434,4629,20006,661,[QLP;YGF]
GDO,1698,2840,12845,350,[YGF;TIN;THA;DKY]
QVT,3313,7206,29818,1159,[DKY;YMH]
ZNY,4927,13192,51416,2431,[YMH;ZLU;UNC;UMP]
VYL,4191,10261,40993,1794,[UMP;POX;ZSW;XIA]
EQP,1306,2025,9424,224,[XIA;VTR;CNH;RUM;YOC;MVH]
NIU,2920,5995,25262,920,[MVH;WYG;ETW;SZB;ZUR]
JSH,2184,3983,17465,545,[SQS;ZUR;XFI;VVM]
TKM,3798,8835,35824,1493,[VVM;FYL;CXU;AZG;VBO;FTG]
OVY,3062,6421,26878,1003,[FTG;RDK;BGI;LXZ]
YND,4677,12158,47766,2204,[PBA]
HFI,1791,3048,13698,384,[LXZ;XHD]
DPU,1055,1553,7378,157,[XHD;HYV;OTL;CLX]
MIZ,2670,5273,22505,782,[CLX;KUG]
VAE,4284,10613,42258,1869,[KUG;HFX;FHI;PYA;KAI;LZV]
RKQ,3548,7977,32676,1316,[LZV;IKL;QEC;ELH;LGX]
ACV,663,895,4405,75,[LGX;TAN;HHS;RKQ]
WMI,4426,11161,44218,1987,[RKQ;DIN]
GFN,1541,2502,11443,296,[DIN;NLM;UGC;IMH;QHX;NSO]
PXR,3156,6710,27965,1060,[NSO;ORB;JTJ]
LHE,2419,4589,19851,654,[JTJ;KSW;RMM;MOU]
UZJ,4034,9680,38894,1670,[MOU;MOH;KYY;STO;GZT;NUJ]
DRO,1149,1725,8131,181,[NUJ;OTW;JVE;TYD;HFI]
ZCA,4912,13129,51195,2417,[HFI;OZY]
IUF,2027,3598,15927,477,[KNL;OZY;WUO]
EES,1291,1996,9299,219,[WUO;KBT;UES;BMB;QFN;LHV]
NWW,2905,5950,25094,911,[LHV;UYN;TBY;QLP]
XOB,4520,11529,45533,2067,[QLP;XUY]
SZO,3784,8785,35642,1483,[XUY;MMK;WEC;DYS;PIV;ZZN]
CRT,898,1278,6155,121,[ZZN;JCL;UMP;EEH;ZGP]
LJX,2513,4840,20831,701,[ZGP;AFC;VHK;FKI;GJV]
HTK,1777,3016,13567,379,[GJV;BLE]
QLP,3391,7458,30757,1210,[LTC;BLE]
MWB,2655,5231,22344,774,[BLE;IGU;WMZ]
VOG,4270,10559,42064,1857,[WMZ;EHP;SOU;CRT]
FGL,1384,2180,10084,247,[CRT;JLJ]
AQX,648,872,4297,73,[JLJ;XSO;FME;CXU]
KIC,2262,4181,18247,580,[CXU;AOZ]
TAH,3877,9114,36840,1551,[AOZ;KRY;ZXD;GST;BUB;CTO]
PLU,3141,6664,27791,1051,[SGO;CTO;XVW;HYV]
YDY,4755,12477,48895,2274,[HYV;HXI;CZQ]
UNL,4019,9625,38697,1659,[CZQ;DZD;YBL;IEK]
DFQ,1134,1697,8010,177,[IEK;TCG]
MXV,2748,5495,23355,824,[TCG;DFF;LZV;ZGA;GBQ;QSI]
IIH,2012,3562,15783,471,[QSI;FKU;MFK;KEU;IGF]
SAM,3627,8243,33657,1370,[MMI;IGF;DIN]
BSR,741,1019,4975,90,[DIN;NZF;IBA;SEZ;EOC;OFU]
XCD,4505,11470,45322,2054,[OFU;VZK;KSW;TJN]
GVI,1620,2670,12143,323,[TJN;OLW]
CFV,883,1253,6040,118,[OLW;PKJ;WFZ;UQP]
LXZ,2498,4800,20674,693,[UQP;SGU]
UPE,4113,9970,39944,1732,[SGU;QRL;XLB;LSG;TMW;TMJ]
QZR,3376,7410,30577,1200,[TMJ;OOR;YRQ;MXV]
ZSW,4991,13462,52367,2491,[MXV;USL]
JKA,2106,3790,16695,511,[USL;BMB;PTG;AWE]
FUN,1369,2150,9956,242,[AWE;LUB]
OMS,2984,6185,25985,957,[LUB;VXA;QZI;RZV;YTL;WEC]
KXE,2248,4144,18105,574,[WEC;WDO]
TPJ,3862,9060,36646,1540,[WDO;RFX]
CHO,977,1415,6765,139,[RFX;SEK;NGS]
YRB,4741,12418,48689,2261,[NGS;UBI;VAV;TKM]
HJF,1855,3193,14292,409,[TKM;AFC]
RBK,3470,7717,31716,1263,[AFC;OMH;WGX;FXP]
MMX,2734,5454,23200,816,[FXP;RHS;BKR;LCI]
WEC,4348,10858,43136,1922,[KXE]
ROO,3612,8193,33470,1360,[LCI;XMM]
BGT,726,995,4865,87,[XMM;SOU;CFM;AHX]
KYY,2341,4384,19048,617,[AHX;XGH;HJF;TTJ;DKB;KFR]
GJK,1605,2638,12009,318,[KFR;ZXD;GGM;QJK;EQP]
PBP,3219,6908,28706,1100,[EQP;MKG]
ZTU,4834,12802,50046,2345,[MKG;GMO;HMB;FWR]
UDG,4098,9914,39744,1720,[FWR;MRI]
EVL,1212,1844,8646,198,[MRI;NQU;ISD]
ZGY,4976,13398,52144,2477,[ISD;IRQ;DTY;NWW]
JYD,2091,3753,16549,504,[NWW;ZUT]
SQH,3705,8511,34640,1426,[ZUT;JXS;QSI;FZN;MTD;AAI]
OAU,2969,6140,25815,948,[AAI;KDG;SXX;GEC;NZS]
XSZ,4584,11783,46437,2122,[NZS;IBA;JAN;GKE;HKQ]
GKE,1698,2840,12846,350,[HKQ;OEH]
CVQ,962,1389,6648,135,[OEH;JGP;KFC]
MNV,2577,5015,21508,733,[KFC;FHK;PKJ;DRO]
HXI,1840,3159,14153,403,[DRO;LME]
RPM,3455,7668,31534,1253,[LME;VDV;GNZ;QQX]
AIR,570,753,3740,60,[QQX;YYH]
WSE,4333,10801,42930,1909,[YYH;MRT;TMJ;RKT;PNE;ZEW]
FKI,1448,2309,10632,266,[ZEW;UGE;IZQ;SQH;ZKY]
OCN,3063,6424,26887,1004,[ZKY;LUB;VMT;FPR]
KMA,2326,4345,18895,610,[FPR;RNO]
TFF,3941,9342,37671,1599,[RNO;BQM;WSV;WRI;ELY;SEK]
PPR,3205,6863,28538,1091,[SEK;CVB]
YHW,4819,12740,49827,2332,[CVB;XXK]
IZB,1934,3377,15036,439,[XXK;XXW;SZF]
EKN,1198,1817,8530,194,[SZF;ATV;ASI;YDY]
NCS,2812,5678,24058,859,[YDY;FXP]
WUX,4427,11164,44229,1988,[FXP;UEU;BZK;PFP]
SEK,3690,8460,34451,1415,[PFP;XAF;HDD;VKI]
BWO,805,1123,5451,102,[VKI;CEZ]
XHB,4569,11724,46225,2109,[CEZ;XGH;YFU;FAK]
GZG,1683,2807,12710,345,[FAK;TGP;EKN;YMW;ZLJ;UNR]
QRL,3298,7158,29641,1150,[UNR;EQP;CGU;ARL;KIC]
LBX,2562,4974,21349,725,[KIC;VSG]
VTC,4176,10205,40792,1782,[VSG;DNW;NEO;BXZ]
ELH,1291,1996,9299,219,[BXZ;IRQ]
AWT,555,731,3634,58,[IRQ;SIH;ESL;OJC]
JOY,2169,3946,17317,538,[OJC;JML;KXE;ENG]
FYL,1433,2279,10503,262,[ENG;PQE;AAI;KRA;RLQ;GSV]
OQP,3048,6378,26715,995,[GSV;QVT;BFX;LXO;TRF]
YIU,4662,12098,47553,2191,[TRF;HKQ;OSA;MDQ;NCD]
TTH,3926,9289,37476,1588,[NCD;UWT]
DLM,1041,1528,7267,154,[UWT;PZC;QYP;KAX]
MDQ,2655,5232,22345,774,[KAX;VDV;JKA;QER;RDD;MFM]
IND,1919,3342,14894,434,[MFM;WIK;HGH;RKF;ZEW]
RFI,3534,7930,32502,1306,[ZEW;NLB;UFR;JMW;TPU]
NQU,2797,5635,23893,850,[TPU;ORD]
WIZ,4412,11105,44021,1975,[ORD;OQP;WLG]
FAE,1527,2473,11319,292,[WLG;RNO;RMB;PXR]
BKR,790,1098,5339,99,[PXR;WFB]
LCV,2405,4552,19705,647,[WFB;KYN;SSD;CJU;NTY;XXW]
UVA,4019,9625,38698,1659,[RAX;XXW]
QFN,3283,7111,29462,1140,[XXW;HOO;TYS]
ZXS,4898,13069,50986,2404,[TYS;DPJ;YRS;WTD]
VHE,4162,10152,40600,1770,[WTD;GLV;UDG;PFP;ZXG;XZS]
EZJ,1276,1967,9174,215,[XZS;VYC;CSS;QLE;ACV]
NSO,2891,5909,24936,903,[ACV;IWL]
JCA,2154,3909,17169,532,[IWL;TGP;DYH;NBF]
SUF,3769,8733,35452,1472,[NBF;ZZC]
CMK,884,1254,6047,118,[ZZC;JCA;EEJ;FDW;AFE;KIC]
XXW,4647,12037,47339,2178,[KIC;IZH]
HPB,1762,2982,13430,373,[IZH;FKX;GJK;BLT;IFJ;WMO]
DZO,1026,1501,7148,150,[WMO;HPM;OJC;CQH;JLY]
MRT,2640,5190,22183,766,[JLY;YRD;FMT;PPR;DWW]
VJX,4255,10502,41861,1845,[DWW;LQM]
RUK,3519,7880,32317,1296,[LQM;GSV;GRI]
AMP,633,849,4189,70,[GRI;BTQ;LLI;MWB]
KEU,2248,4145,18105,574,[MWB;HYK]
FOG,1512,2441,11188,287,[HYK;RPB;CZF;NCD]
PGL,3126,6618,27617,1042,[NCD;ULN]
KRY,2390,4512,19551,640,[ULN;IDY;SVQ;EEU;LZK;VQC]
UJC,4005,9573,38510,1648,[VQC;HAF;RDD;OCN;MEZ]
DBH,1119,1670,7889,173,[MEZ;WWQ;RYZ;GQK]
ZLU,4883,13007,50765,2390,[GQK;NZU]
IDY,1998,3528,15647,465,[NZU;XCS;JMW;TDO;AYE;OEJ]
RVD,3612,8193,33471,1360,[OEJ;YIH;TKP;UJC;BDT]
NGQ,2876,5865,24769,895,[BDT;WFB;XEO;UPE]
XYV,4491,11414,45123,2042,[UPE;SGJ]
SIH,3754,8681,35261,1461,[SGJ;QQZ;XLQ;YKD;TML;DPJ]
CAM,869,1229,5933,115,[DPJ;RWO;ZQF]
LSR,2483,4760,20518,686,[ZQF;NXK;URA;EVY]
HDD,1747,2949,13293,368,[EVY;QTV]
QVI,3362,7364,30406,1191,[QTV;AWT;VYC;VXP;DRF;AQP]
ZNN,4976,13399,52146,2477,[AQP;YTA;WDQ;XCD]
VXA,4240,10446,41658,1833,[XCD;SEM]
EPE,1355,2122,9837,238,[SEM;ZZC;AYP;XJF]
AAR,618,826,4082,68,[XJF;FRP]
KSW,2233,4107,17955,567,[FRP;TKB;AER;KWI;WGM;GJK]
TKB,3848,9010,36464,1530,[GJK;QAC]
PUN,3111,6572,27444,1033,[QAC;BKG]
YMS,4726,12358,48474,2248,[BKG;LBX;GDG]
HFX,1841,3161,14161,403,[GDG;EGR;CEB;MIZ]
DPJ,1104,1642,7769,169,[MIZ;YRD]
MHO,2719,5412,23037,808,[YRD;IJU;PDL;DKQ]
IRB,1983,3492,15503,459,[DKQ;LEG;VHE;JOJ]
RKF,3597,8142,33285,1350,[JOJ;QJZ]
BCK,712,972,4762,84,[QJZ;LLI;MKV;HMD]
WMX,4476,11355,44913,2029,[HMD;HLQ;ROO;MQX;NPJ;IRS]
GEC,1590,2606,11876,313,[IRS;SVQ;ETN;OWL;OVY]
PWG,3205,6864,28539,1091,[OVY;JXH]
LHT,2469,4722,20370,679,[JXH;RRX;FYC;PBA]
UZY,4083,9860,39546,1708,[PBA;WWQ]
QJK,3347,7316,30227,1181,[WWQ;LCV;SXM]
ZBP,4962,13338,51933,2464,[SXM;GER;NYH;LJX]
JTU,2076,3717,16403,498,[LJX;JZC]
EEH,1340,2092,9711,234,[JZC;TCA;OEJ;PEW;KGE;UXW]
OWL,2955,6098,25656,940,[UXW;IQH;PKY;ZBP;LLT]
XOQ,4569,11724,46226,2109,[LLT;SGJ;CXB;RPM;BHE]
TYD,3833,8957,36271,1519,[BHE;VJM]
CQH,947,1363,6532,132,[VJM;ULY;DCP]
YBU,4711,12297,48258,2234,[DCP;YEY;NXK;XOB]
HTZ,1826,3127,14021,397,[XOB;EJR]
QLE,3440,7619,31352,1243,[EJR;SPW;AKN;KNL]
MVQ,2704,5369,22875,800,[KNL;VLI]
WNV,4319,10746,42736,1898,[VLI;FOG;AQP;BPB;IKS;XRX]
FFA,1433,2279,10504,262,[XRX;ELN;CWD;CVQ;XXZ]
BQM,697,948,4652,81,[XXZ;FRP;FRC;DBS]
KIR,2312,4309,18752,603,[DBS;BSX]
GSE,1575,2574,11743,308,[BSX;YCN;GXE;UEJ;BYZ;LBX]
PKJ,3190,6817,28364,1081,[LBX;AIC;HCS]
YCN,4805,12682,49620,2319,[HCS;VJX;DEO]
UNA,4068,9805,39347,1697,[DEO;KYE;YFJ;IIH]
DFF,1183,1789,8408,190,[IIH;DKQ]
NXK,2798,5637,23902,851,[DKQ;EJC;ZLL;JCC]
JHW,2061,3680,16257,492,[JCC;HFO;EPE;OHW]
SZB,3676,8411,34273,1405,[OHW;ARA]
OKO,2940,6053,25486,931,[ARA;HLQ;RCH;GVT]
XCS,4554,11665,46014,2096,[GVT;NED]
GUX,1669,2776,12583,340,[NED;XHB;JRF;TIW;OKF;OVY]
CEK,933,1338,6423,129,[OVY;JLA]
LXO,2547,4933,21191,718,[JLA;TOY;UNL;PPT;WKK;KRP]
VPT,4162,10152,40602,1771,[KRP;UUN;COD;QVI;XPY]
QZG,3426,7572,31179,1233,[XPY;MWD;TRU;RBK;RAX]
ARL,540,708,3529,55,[RAX;ZVN]
VCX,4304,10689,42530,1885,[ZVN;UXW;UWI]
FUC,1419,2250,10382,257,[UWI;PYR;QXE;NIU]
OMH,3033,6333,26545,986,[NIU;VCK]
KWT,2297,4270,18600,596,[VCK;VCX;QEG;BHE]
TOY,3911,9235,37283,1577,[BHE;MFB]
DGD,1026,1501,7149,150,[MFB;WIZ;KPE;SJU;ZEL;NKQ]
YRQ,4790,12620,49402,2305,[NKQ;VFG;SPW;TPJ;AJZ]
IJU,1904,3307,14753,428,[AJZ;YIJ;WKV;UVL]
DTH,1168,1761,8286,186,[UVL;BDV]
NLM,2783,5594,23737,843,[BDV;PWG;XRX;GIO;SSS;CJJ]
WDQ,4397,11048,43815,1963,[CJJ;MMI;YWL;IND;DPL]
SOD,3661,8360,34085,1394,[DPL;BSX;LJO;IUF]
BGI,776,1075,5234,96,[IUF;GKK]
KYN,2390,4512,19552,640,[GKK;EVA;LPQ;ZWV;HRM;RUK]
GIZ,1654,2744,12448,335,[RUK;FAP;NVF]
PAE,3269,7066,29295,1131,[NVF;BCK;IWA;PQR]
LLR,2532,4892,21033,710,[PQR;EXW;OAU;JCC;JCP;EEY]
VDV,4147,10097,40401,1759,[EEY;FDK;MXB;KIR;LHE]
EVA,1262,1939,9057,211,[LHE;GJM]
AFN,525,686,3424,53,[GJM;NED;BKI;LNG]
JXS,2140,3874,17030,526,[LNG;JEL]
SPW,3755,8684,35272,1461,[JEL;HPB;OJR;CQW;KKN;UNL]
OAJ,3018,6288,26374,977,[UNL;FLI]
XSO,4633,11980,47136,2165,[FLI;PPG;ZGY;LQB;GSK;QJB]
TCA,3897,9184,37098,1566,[QJB;RUV;MWD;WNV;HXZ]
CUF,1011,1475,7031,147,[HXZ;RPQ;ZJG;NCS;XTK]
MMK,2626,5151,22032,758,[XTK;ENA]
IXX,1890,3274,14620,422,[ENA;QXE;AOV]
RPB,3504,7830,32134,1286,[AOV;VQE;VQQ;TAH]
AHG,619,827,4089,68,[TAH;AVX]
WRT,4383,10992,43617,1951,[AVX;BUK;WWS;GZR]
FKX,1497,2410,11058,282,[GZR;SXO]
BUK,761,1051,5123,93,[SXO;CAM;QHR;XCH;FWX;TDC]
KMP,2375,4473,19397,633,[TDC;AXT;YIJ;YHW;GBM]
UEU,3990,9520,38315,1637,[GBM;UIR;BDH;ZNY]
PPG,3254,7018,29117,1122,[ZNY;XED]
ZHL,4868,12945,50546,2377,[XED;VPT;CJJ;DIW;YKF;YJS]
IZQ,1983,3493,15504,459,[YJS;WUI;DPY;RVD;ZQT]
EJC,1247,1911,8933,207,[ZQT;GKK;URP;FUN;MDX]
NBH,2861,5821,24603,886,[MDX;AVI;HQY;FPI;DRU;BCK]
JMU,2125,3837,16883,519,[BCK;LTC;WDF]
SEZ,3740,8632,35081,1451,[WDF;GUX;OON;CHZ]
CWD,854,1204,5820,112,[CHZ;JQJ]
XGQ,4618,11920,46923,2152,[JQJ;TTH;FDK;PUC;KWK;KVX]
HYV,1733,2917,13164,363,[KVX;SQO;PAE;QZR;LCZ]
QQZ,3347,7316,30228,1181,[LCZ;SWP;HDU;RGT]
MBM,2611,5109,21872,751,[RGT;PWY]
VTR,4226,10392,41466,1822,[PWY;MHO;UBE;IIJ;PDA;ZGY]
RDD,3489,7781,31951,1276,[ZGY;OND]
AVI,604,804,3982,66,[OND;VHT]
JNN,2219,4071,17814,560,[VHT;JOY;RIO]
FYA,1482,2379,10927,277,[RIO;LKX;MJK;WMI]
PQE,3097,6528,27280,1024,[WMI;RPQ]
YIJ,4712,12300,48269,2235,[RPQ;SOD;NQL;NPY]
USW,3975,9465,38118,1625,[NPY;IRH;SUF;TTS]
DKB,1090,1617,7657,166,[TTS;OVA]
ZVN,4854,12885,50337,2364,[VCX;OVA;VQQ]
INS,1968,3457,15361,453,[VQQ;KWW;RRM;BID;PBP]
RFX,3583,8094,33109,1340,[PBP;XVF]
NPJ,2847,5779,24445,878,[XVF;HMX;SWB;QHR]
WHO,4461,11297,44705,2017,[QHR;XQB]
GZT,1576,2576,11751,308,[XQB;YBU;VAE;DUU;OEY;YVP]
BKG,840,1180,5713,109,[PUN;YVP;IYO;UIR]
LCK,2454,4682,20214,671,[UIR;EZJ;LUZ]
HMX,1718,2884,13027,357,[LUZ;ABE;HVU;FGL]
QEC,3332,7268,30048,1172,[FGL;DWQ]
ZXG,4947,13276,51712,2450,[DWQ;AHG;IBW;IBJ;DDS;ECE]
VHT,4211,10336,41263,1810,[ECE;BNV;JHL;XOQ;EIG]
EZY,1325,2062,9585,229,[EIG;MDX;AJC;KMA;YTF]
ORD,2940,6054,25487,931,[WIZ]
JCP,2204,4033,17664,554,[YTF;GOV]
TUU,3818,8905,36080,1508,[GOV;NIL;BPQ]
OEH,3082,6482,27108,1015,[GKE;BPQ;JJH]
YWL,4697,12239,48054,2222,[JJH;GUX;HTK;CVS;CUF;KPV]
HOQ,1811,3093,13883,392,[VSP;KPV;IAM;FQR]
DZD,1075,1589,7537,162,[FQR;DBH;KVX;ZCC;GWT;QOK]
MRI,2690,5329,22721,792,[EVL;QOK;CYO;MBM]
VJM,4304,10689,42532,1886,[MBM;WSE;HCH]
RTZ,3568,8044,32923,1329,[HCH;PWY;MVH;NGB]
BLE,683,926,4550,79,[MWB]
WWQ,4446,11239,44496,2004,[UZY]
GOV,1561,2544,11619,303,[NGB;UPK]
PGA,3176,6772,28198,1073,[UPK;SZB;DJF;NBW;VVM;JOY]
LQM,2439,4642,20058,664,[RUK;JOY]
UIR,4054,9753,39159,1686,[LCK;JOY]
DAW,1169,1763,8293,186,[TJN;JOY]
ZLJ,4932,13213,51491,2436,[JOY;TFQ;AZG]
IDN,2047,3646,16120,486,[AZG;PGL;WBB;RDK]
ENA,1311,2035,9466,225,[IXX;RDK;SCW;CFV;XHD]
OFF,2925,6009,25319,923,[XHD;XGQ;SIY;THL]
XXK,4540,11608,45814,2084,[YHW;THL;OJU]
TIW,3804,8855,35897,1497,[OJU;YMS;ZMF;TON;BID;PPI]
CAB,918,1312,6308,125,[PPI;ZSH;LQE;VTC;COS]
LSG,2533,4895,21042,711,[COS;QUX;YPN;VAE]
HCS,1796,3059,13744,386,[PKJ]
QUX,3411,7524,30999,1223,[VAE;TQJ]
MFK,2675,5287,22559,784,[TQJ;DTH;SAM;ZUC;UWL;VWX]
VXP,4289,10632,42327,1873,[VWX;SGO;ABE;AAR;VCZ]
FPT,1404,2220,10254,253,[VCZ;FTR;RDV;BGT;LXL]
AZG,668,903,4441,76,[IDN]
KRL,2282,4232,18449,589,[LXL;WHO]
TKP,3897,9185,37099,1566,[WHO;ECE;OTW]
PUC,3161,6726,28023,1063,[OTW;ZDA;JUR;HFI]
YMH,4775,12559,49185,2292,[ZNY]
UWT,4039,9698,38961,1674,[TTH]
DPY,1154,1735,8172,182,[HFI;FHT]
NHD,2768,5552,23574,835,[WIK;FHT;DGD]
IRQ,2032,3610,15976,480,[ELH;DGD]
SJU,3647,8311,33907,1384,[DGD;KBT;YTF]
BBZ,761,1051,5123,93,[YTF;FCO]
XMM,4525,11549,45603,2071,[BGT;FCO;QFN;EMS;LGI]
GER,1640,2713,12321,330,[LGI;XQM;HHD;OCT]
COD,903,1287,6193,122,[DWW;OCT;CUF;MMX;HOF]
LGI,2518,4854,20884,703,[GER;HOF;INS]
UYN,4133,10044,40211,1747,[INS;PHI;NSZ]
QJZ,3396,7475,30818,1214,[RKF]
ABE,511,666,3326,51,[NSZ;LID]
JTJ,2125,3837,16883,519,[LID;JTU;QOK;EUP;MPF;MOS]
FDW,1389,2190,10126,248,[MOS;KZJ;RTZ;FAE;NUU]
OVA,3004,6245,26213,969,[NUU;UPK;IWP;SZO]
KGN,2268,4195,18306,583,[SZO;EXL]
TYS,3882,9131,36905,1555,[ZXS;EXL;OAJ;JCR;KBE]
CQW,997,1450,6921,143,[KBE;RVU;PGL;PFY]
YAJ,4760,12498,48968,2278,[PFY;KHG]
HSO,1875,3239,14480,416,[KHG;UZY;GJB;NDS]
RKT,3490,7783,31961,1276,[NDS;XUJ;MNV;THL;DZD;OJG]
NVF,2753,5509,23410,826,[PAE;OJG;YAY;TCG]
WNK,4368,10935,43412,1938,[TCG;UNA;EES;ZGA;LQE;VHV]
SXX,3632,8260,33720,1374,[VHV;VSP;QJQ;AMP;MWS]
BPB,746,1027,5012,90,[MWS;WNK;DHA;SAM]
KHG,2361,4436,19253,626,[YAJ]
GST,1625,2681,12187,325,[SAM;ZIV]
PKY,3239,6971,28941,1112,[ZIV;JMU;XSZ;ENP;ZPX;AOK]
ZCC,4854,12885,50338,2364,[AOK;YZB;FTR;GSE;BUM]
UMP,4118,9988,40011,1736,[BUM;BUZ;WWH;GZG;VFL]
EEU,1232,1882,8810,203,[VFL;CAB]
ZPG,4996,13483,52442,2496,[CAB;JUR;XBW]
JHL,2111,3802,16744,513,[XBW;FVM;TCR;DFQ]
SZQ,3725,8580,34893,1440,[WYG]
OJC,2989,6200,26042,960,[DFQ;LAG]
XCH,4604,11863,46721,2139,[LAG;ZHL;GBB;EMS]
HUM,1718,2884,13028,357,[EMS;CCW]
CEZ,982,1423,6804,140,[BWO;CCW;ZNN;JEF;HHQ]
MWD,2597,5070,21721,743,[HHQ;CJY;MAQ;BSC]
HHQ,1860,3205,14339,410,[BSC;INS]
RZV,3475,7734,31778,1266,[INS;SEK;EON]
ARA,589,782,3875,63,[SZB;EON;OFF]
WBM,4353,10877,43205,1926,[OFF;ZPI;JSH]
FTR,1468,2350,10805,273,[JSH;QBQ]
OLW,3082,6483,27109,1015,[GVI;QBQ;FUC;MOS;KNC]
KWI,2346,4397,19099,619,[KNC;IPN;SGF;PRW]
TON,3961,9414,37933,1614,[PRW;BBZ]
PYA,3224,6924,28765,1103,[BBZ;LSR;SNH;EXL]
ZQF,4839,12823,50119,2350,[LSR;EXL;OOC;YRB;JPX]
IIJ,1954,3424,15226,447,[JPX;USW;PUE;PUR;XOH;UZY]
ETW,1217,1853,8687,199,[UZY;VYL;QAT]
NLB,2832,5736,24279,870,[QAT;QZG;LBO;VEN]
WDF,4447,11242,44508,2004,[VEN;TVR]
SNS,3710,8529,34703,1429,[KDG;TVR;RFI;YAY;NHD]
BFX,825,1156,5601,106,[NHD;UBT;IIY;QCO]
XQJ,4589,11803,46508,2126,[QCO;AFN;OMS;VHI;QJQ;RID]
GIO,1703,2851,12891,352,[RID;BLC;WBD;WMX;ROF]
QAT,3318,7222,29879,1163,[NLB;ROF;BFX;NPA]
MKG,2582,5029,21561,736,[PBP;NPA;XSZ;YSM;TUU]
VCK,4196,10280,41062,1798,[KWT;TUU]
EUP,1311,2035,9467,225,[TUU;DLM;OVP]
AFC,575,760,3775,61,[OVP;WPF;GGX;UZJ]
JXH,2189,3996,17516,547,[UZJ;BUZ]
FHT,1453,2319,10675,268,[DPY;BUZ;LLR]
OZY,3068,6439,26945,1007,[IUF;LLR]
YRD,4682,12179,47840,2208,[DPJ;LLR]
TCP,3946,9360,37737,1603,[LLR;XVU;HMM]
DUU,1061,1564,7425,159,[HMM;COU;DZO;AYY]
MMZ,2675,5288,22560,784,[AYY;HSO]
IWL,1939,3388,15084,441,[NSO;HSO;TCR]
RPQ,3553,7994,32739,1319,[TCR;DUJ;KOZ;ZVE;JYD]
NZD,2817,5693,24113,862,[QHR]
WRI,4432,11183,44299,1992,[JYD;QST]
GJM,1546,2513,11487,298,[EVA;QST;EZY]
BUZ,810,1131,5488,103,[FHT;EZY]
LME,2425,4604,19912,657,[HXI;EZY]
UEJ,4039,9698,38962,1674,[EZY;MTO;JEF]
QOV,3303,7174,29700,1153,[JEF;HVJ]
ZGA,4918,13153,51281,2423,[HVJ;FFA;GFN;NZD;IBL;IAY]
VRN,4181,10224,40860,1786,[IAY;GLP;OFF;CMK;JHA]
EJR,1296,2005,9341,221,[JHA;KGN;FIV;PLU]
NBW,2911,5967,25160,915,[PLU;AJR]
JLJ,2174,3959,17367,541,[AQX;AJR;KMP;SGF;GNK]
TDO,3789,8803,35707,1486,[GNK;NIA;XZS;MSE]
CVS,904,1288,6200,122,[MSE;HUM]
YGF,4667,12118,47625,2195,[HUM;HTZ;PNP;JPX]
HYK,1782,3027,13614,381,[FOG;JPX;KOK;IZB;SQS]
DIW,1046,1537,7306,155,[SQS;DAW]
MAB,2660,5246,22399,776,[IEK;DAW]
VSG,4275,10578,42134,1862,[DAW;LVM;VME]
RDS,3539,7946,32563,1309,[VME;GWH;QZG;AQX]
AVX,653,880,4333,74,[WRT]
KNC,2268,4196,18307,583,[KWI]
FXP,1532,2483,11363,293,[MMX]
PPT,3146,6680,27850,1054,[AQX;MAB]
LAG,2410,4565,19757,650,[MAB;WRT;RUB;SFV]
USL,4025,9646,38774,1663,[JKA]
DKQ,1139,1707,8051,178,[DFF]
ZUC,4903,13090,51060,2409,[SFV;ZNE]
IMH,2017,3574,15832,473,[ZNE;XYV;IIY;SZQ;ATG;OAL]
SEM,3632,8261,33721,1374,[OAL;VVB;FYA;TFF;BZV]
NPY,2896,5923,24992,906,[USW;BZV;WBD]
XHD,4510,11490,45394,2058,[DPU;WBD;WAQ;GDO;SBL]
SRQ,3774,8751,35516,1475,[SBL;CEK;XHS;YGF;TIN;DLM]
CJU,889,1263,6086,119,[DLM;DKY;YMH]
LCZ,2503,4814,20727,696,[QQZ;YMH;ZLU]
HMM,1767,2993,13476,375,[NSZ;ZLU]
QER,3382,7429,30647,1204,[ZLU;UNC;BIS]
ZWV,4996,13484,52443,2496,[BIS;POX;ZSW;HMM;VTR;CNH]
VHI,4260,10521,41929,1849,[CNH;RUM;YOC;IRB;WYG]
FZN,1375,2161,10007,244,[WYG;ETW]
AJZ,638,856,4225,71,[ETW;ZVE;ZUR;XFI]
KBE,2253,4157,18156,576,[XFI;ENR]
TTJ,3868,9081,36722,1544,[ENR;FYL;AAT;KRL;VBO;GFN]
PEW,3131,6633,27676,1045,[GFN;NNW]
YWA,4746,12439,48763,2266,[NNW;BGI;LXZ;SRQ;EBT;OTL]
HOF,1861,3207,14348,411,[OTL;MDB;KGN;HFX;PZN]
DYS,1124,1679,7930,174,[PZN;PYA;KAI;UDG;IKL]
MQX,2739,5468,23255,819,[IKL;QEC]
IBJ,2003,3540,15695,467,[QEC;XZS;LGX]
STO,3617,8210,33534,1364,[LGX;TAN;HHS;RKQ]
BLT,732,1004,4909,88,[RKQ;MMZ]
XVF,4496,11434,45194,2046,[MMZ;NLM;UGC;SQS]
GNK,1610,2649,12054,319,[SQS;QHX]
PFP,3225,6926,28775,1103,[QHX;NSO;ORB;JTJ;QNZ;RMM]
LQB,2489,4775,20579,688,[RMM;MOU;WRT;KYY;STO]
UIG,4103,9933,39812,1724,[STO;GZT;NUJ;XXH]
QST,3367,7380,30467,1194,[WRI]
ZKY,4981,13420,52220,2482,[XXH;JVE]
JCC,2096,3765,16598,507,[JVE;TYD;OAL;OZY;WUO;TTY]
ENP,1360,2132,9880,240,[NCD;TTY;UES;PGA]
OFU,2974,6156,25873,951,[PGA;ZXS;LHV]
XXZ,4589,11804,46510,2127,[BQM;LHV;SBL]
THL,3853,9028,36529,1533,[XXK;SBL;CTD;QLP;XUY]
CZQ,967,1397,6687,136,[XUY;IXX;THA;DYS;YAA;ZLU]
YKD,4731,12378,48546,2252,[ZLU;JCL;EEU]
HCH,1846,3172,14207,405,[RTZ;EEU;EEH]
RUM,3460,7685,31596,1256,[EEH;ZGP;HAF]
MEZ,2724,5426,23092,811,[HAF;VHK;FKI;BLE;IGU;WMZ]
WWD,4339,10823,43010,1914,[WMZ;EHP;OKO;CRT]
FPI,1453,2320,10676,268,[CRT;JLJ]
BZV,717,980,4799,85,[JLJ;ENR;FME;CXU]
KRA,2332,4360,18955,612,[CXU;AOZ]
GBM,1595,2617,11921,314,[AOZ;KRY;FTG;GST;BUB;LXZ]
PUR,3210,6879,28598,1094,[LXZ;XVW]
YMW,4825,12764,49912,2337,[XVW;HYV;HXI;CZQ;KUG;YBL]
UWI,4088,9878,39612,1712,[YBL;IEK;PYA;DFF;LZV]
EON,1203,1827,8571,195,[LZV;VRN;GBQ;ELH;ODY]
NGS,2818,5695,24123,862,[YRB]
JRF,2081,3729,16452,500,[ODY;MFK]
SJJ,3696,8480,34525,1419,[MFK;HHS;RYK]
OTW,2960,6113,25712,943,[PUC;RYK;DIN]
XLB,4574,11744,46297,2114,[DIN;NZF;XCD;IMH;SEZ;AYP]
GDG,1689,2820,12764,347,[AYP;ORB;VZK;TKB;TJN]
COS,953,1373,6578,133,[LSG]
LGX,2567,4988,21403,728,[STO]
VYC,4182,10227,40871,1787,[TJN;OLW]
RIO,3445,7635,31413,1246,[FYA;OLW;WGM]
AAT,560,738,3670,59,[WGM;WFZ;UQP;BKG;QRL;XLB]
WLG,4324,10765,42804,1902,[XLB;LSG;TMW;DPU]
FDK,1438,2289,10547,263,[DPU;OOR]
OVP,3053,6394,26774,998,[ZXD;OOR;YRQ;TTY;USL]
KFC,2317,4322,18803,605,[USL;BMB;PTG;AWE]
TXH,3931,9307,37543,1592,[AWE;UYN]
DPL,1046,1537,7307,155,[UYN;VXA;QZI;XUY]
YAY,4810,12703,49693,2323,[XUY;YTL;WEC;WDO;RFX;ZZN]
ISD,1924,3354,14942,436,[ZZN;NGS;UBI;EEH;TKM]
DCP,1188,1798,8449,191,[YBU]
NUU,2803,5652,23957,854,[TKM;AFC]
WMZ,4417,11125,44092,1979,[AFC;KWT;WGX;GJV]
SXM,3681,8428,34336,1409,[GJV;AZX]
BPQ,796,1108,5383,100,[OEH;AZX;BKR;WMZ;GER]
LHV,2410,4565,19758,650,[XXZ;GER;SOU]
GRI,1674,2787,12628,342,[SOU;CFM;JZC;XSO;HJF]
QJM,3289,7129,29532,1144,[HJF;PEW]
LUZ,2552,4947,21244,720,[PEW;AOZ;KFR;IQH]
VME,4167,10171,40669,1775,[RDS]
EEJ,1282,1978,9224,217,[IQH;GGM]
AOV,545,716,3564,56,[GGM;QJK;LLT;MKG;GMO;RPM]
JHA,2160,3923,17227,534,[RPM;FWR]
SZF,3774,8751,35517,1476,[FWR;MRI]
OJR,3038,6348,26602,989,[MRI;NQU;ISD]
XBW,4653,12061,47422,2183,[ISD;PMT;DTY;NWW]
TMJ,3917,9256,37357,1581,[NWW;VRN]
DEO,1031,1510,7188,151,[VRN;JXS;QSI;FZN]
MWS,2646,5206,22247,769,[BPB;FZN;MTD]
IGF,1909,3319,14801,430,[SAM;MTD;KEU;KDG;SXX]
RYK,3524,7897,32380,1299,[SXX;NZF;NZS;IBA]
AQP,639,858,4232,71,[ZNN;IBA;JAN;GKE;OFU]
WBB,4402,11067,43884,1967,[OFU;OEH;JGP;TJN]
FTG,1517,2452,11232,288,[OVY]
BDT,781,1083,5271,97,[TJN;FHK]
KVX,2395,4526,19603,643,[FHK;PKJ;ZCA;LME;SGU;CXM]
UNC,4010,9592,38578,1652,[CXM;QQX;LSG;VJX;TMJ]
QYP,3274,7081,29354,1134,[TMJ;RKT;YFJ;MXV]
ZQT,4888,13028,50841,2395,[MXV;UGE]
IIY,2003,3540,15696,467,[UGE;EJC;PTG;ZKY;HFO;VMT]
ESL,1267,1949,9099,213,[VMT;FPR;ARA;BQM;WSV]
NKQ,2881,5880,24826,898,[YRQ;WSV;GVT;ELY]
JVC,2145,3886,17079,528,[ELY;BWO;CVB;XXK;ESA;SZF]
SNH,3760,8701,35336,1465,[SZF;ATV;KWT;YDY]
CFM,874,1238,5972,116,[YDY;FXP]
XPY,4638,12000,47208,2169,[FXP;UEU;BZK;LCI]
HHD,1753,2962,13347,370,[LCI;XAF]
QZI,3367,7381,30468,1194,[XAF;HDD;CFM;CEZ;XGH;YFU]
MKV,2631,5164,22086,761,[YFU;FAK;DKB;EKN;YMW]
VCZ,4246,10468,41737,1838,[YMW;GGM;UNR;EQP]
RMM,3509,7847,32196,1289,[EQP;LYZ]
AER,624,835,4124,69,[LYZ;ARL;HMB;RDS;DNW;NQU]
KWW,2238,4120,18006,569,[NQU;KPE;IRQ]
FHI,1502,2421,11101,284,[RUV;IRQ;SIH]
PZN,3117,6590,27512,1036,[DYS;SIH]
YRS,4731,12379,48548,2252,[SIH;NKQ;ZUT]
UBE,3995,9538,38380,1640,[ZUT;JML;TPJ;FZN;PQE;WKV]
DUJ,1110,1653,7817,171,[WKV;KRA;RLQ;PWG;QVT]
ZEW,4873,12966,50620,2381,[QVT;XQJ]
IWA,1988,3505,15552,461,[XQJ;SSS;TRF;QCV]
ROF,3603,8162,33358,1354,[QAT]
NZS,2866,5836,24658,889,[QCV;OSA]
XRX,4481,11375,44985,2034,[OSA;MDQ;TXH;UWT;PZC;ZCA]
GJB,1596,2619,11929,315,[ZCA;KAX]
CTO,859,1212,5858,113,[PLU;KAX;VDV;JKA;QER]
LLT,2474,4735,20423,681,[XOQ;QER;YYH]
HWF,1738,2928,13209,365,[YYH;MFM;WIK;RKT;RKF;ZEW]
QOK,3352,7332,30288,1185,[ZEW;NLB;UFR;SQH;TPU]
ZGP,4967,13360,52009,2469,[LJX]
VQC,4231,10411,41534,1826,[UJC]
EIG,1345,2102,9753,235,[TPU;ORD]
OAL,2960,6113,25713,943,[ORD;VMT;WLG]
JLY,2224,4084,17864,563,[WLG;RNO;BEG;PXR]
TDC,3838,8976,36337,1522,[KMP]
PNP,3102,6544,27338,1027,[PXR;WRI]
YFU,4717,12320,48342,2239,[WRI;GIZ;SSD;CVB]
HXZ,1831,3138,14068,399,[CVB;JEL]
DIL,1095,1626,7697,167,[JEL;XXW;HOO;CQW;ASI;YRS]
MAQ,2710,5386,22938,803,[YRS;FLI;UEU;EVL;LQB]
WSV,4324,10766,42806,1902,[NKQ;LQB;ZXG]
RCH,3588,8111,33171,1343,[ZXG;HRX;RUV]
BUM,702,956,4689,82,[RUV;CSS]
WFZ,4466,11317,44775,2021,[CSS;MVQ;YFU;IWL;DZU;DYH]
GXE,1581,2587,11796,310,[DYH;NBF;IDN;JCA;EEJ]
PPI,3195,6833,28423,1085,[EEJ;LYZ;AFE;KIC]
LZV,2459,4695,20266,674,[RKQ]
URA,4074,9826,39424,1701,[KIC;IZH]
DJF,1188,1799,8449,191,[IZH;FKX;NEO;BLT;IFJ;SIH]
ZUR,4952,13297,51787,2455,[SIH;HPM;OJC]
JMW,2067,3694,16315,494,[OJC;CQH;JLY;ENG]
EWJ,1330,2072,9627,231,[ENG;FMT;PPR;KRA;LQM;GSV]
OON,2945,6069,25544,934,[GSV;QJM;BTQ;LXO;VOG]
XHS,4560,11688,46097,2101,[VOG;HYK]
TRF,3823,8923,36144,1511,[HYK;OSA;YJS;NCD]
CJJ,938,1347,6462,130,[NCD;ULN]
LBO,2553,4949,21253,721,[ULN;RVD;QYP;ZPG;URP;JKA]
HMB,1816,3104,13929,394,[JKA;QSK]
QEG,3431,7589,31241,1237,[QSK;RDD;OCN;WWD;HGH;RYZ]
MOS,2695,5344,22776,795,[RYZ;BBX;NLB;XCS;EWJ]
WGX,4309,10709,42600,1890,[EWJ;TDO;AYE;YIU;YIH]
FYC,1424,2260,10426,259,[YIH;TKP]
BJO,688,934,4587,80,[TKP;BEG;BDT;WFB]
KBT,2302,4283,18651,599,[SJU;WFB;XEO;UPE;CJU]
TTY,3917,9256,37359,1581,[CJU;QQZ;XLQ;HOO]
PDL,3181,6788,28257,1076,[HOO;TML]
YVP,4795,12641,49476,2310,[TML;DPJ;RWO;ZQF;GLV;URA]
UGC,4059,9771,39225,1690,[URA;EVY;ZXG;AWT;VYC]
DYH,1174,1772,8334,187,[GXE;VYC;FPT]
NQL,2788,5609,23793,845,[FPT;DRF;ACV;ILF]
IAY,2052,3658,16169,488,[ILF;WDQ;DYH;NPY;ZZC;JQU]
SSD,3666,8377,34149,1398,[JQU;TTS;FDW;PUN;AER]
BKI,781,1083,5272,97,[AER;IZH;FYR;GJK;QAC]
XVU,4545,11628,45885,2088,[BXZ]
GNZ,1659,2755,12494,336,[QAC;LCK]
CXM,923,1321,6347,127,[LCK;WMO;GDG]
LPQ,2538,4908,21095,713,[GDG;OYW;CQH;MIZ]
VHV,4152,10116,40469,1763,[MIZ;TCP]
QSI,3416,7540,31060,1227,[TCP;IJU;PDL;NOB]
AKN,531,695,3466,54,[NOB;LEG]
JCR,2145,3886,17080,528,[LEG;VHE;QJM;QJZ;LLI;MKV]
FME,1409,2230,10297,254,[MKV;HMD;RPB;ROO;MQX]
OEJ,3024,6305,26441,980,[MQX;ULN;IRS;SVQ]
KPV,2287,4245,18500,592,[SVQ;ETN]
THA,3902,9203,37164,1570,[ETN;OWL;VQC;JXH;RRX;OCN]
CZF,1017,1485,7077,148,[OCN;PBA]
YJS,4780,12580,49258,2296,[PBA;WWQ]
IBW,1895,3286,14668,424,[WWQ;UVA;SXM]
RUB,3510,7850,32206,1290,[SXM;NZU;XQM;LJX]
NEO,2773,5566,23629,837,[LJX;TDO]
WWS,4388,11012,43688,1955,[TDO;CUF;OEJ;YWA]
SGF,3652,8328,33970,1388,[YWA;KGE;UJC;EAU]
BZK,766,1059,5160,94,[EAU;PKY]
KRP,2381,4488,19458,636,[VPT;PKY;XEO]
GBB,1645,2724,12366,331,[XEO;HWF;SGJ;CXB;AIR]
PTG,3259,7034,29178,1125,[AIR;YKD]
ZLL,4874,12969,50632,2382,[YKD;VJM;DDD;RWO]
VWX,4138,10062,40278,1751,[RWO;YEY]
EOC,1252,1920,8975,208,[YEY;JHW;XOB;EJR;LDI;AKN]
AYP,516,673,3361,52,[GDG;AKN;KNL;FPT]
JQU,2131,3851,16940,522,[SSD;FPT;FOG]
SIY,3745,8650,35146,1454,[FOG;AQP;BPB]
OTL,3009,6260,26270,972,[BPB;IKS;GVI;ELN]
XLQ,4623,11941,46996,2156,[ELN;CWD;JQU;XXZ;FRP;FRC]
HDU,1738,2929,13210,365,[FRC;DBS;KWI;YCN;GXE]
CNH,1002,1459,6960,144,[GXE;QAC;BYZ;LBX;VSP]
MFM,2616,5123,21926,753,[IND]
HQY,1880,3251,14527,418,[VSP;HCS]
RID,3495,7800,32022,1280,[HCS;CEB;DEO]
AAI,609,812,4017,66,[DEO;KYE;IJU;IIH]
WKV,4373,10954,43481,1943,[IIH;DKQ]
FCZ,1488,2391,10979,279,[VFL;DKQ;NBH]
PUE,3102,6544,27339,1027,[NBH;ZLL;JOJ]
KFR,2366,4449,19304,629,[JOJ;QXT]
UXW,3981,9486,38195,1629,[QXT;EPE;MKV;WBM;HLQ;RCH]
PHI,3244,6987,29000,1115,[UYN;RCH;PNY;NPJ]
ZZN,4859,12906,50412,2368,[NPJ;XHB;SJJ]
IRS,1974,3471,15417,456,[GEC;SJJ;ETN]
ECE,1237,1892,8851,204,[ETN;OKF;YND;JLA;TOY;BJO]
NUJ,2852,5794,24501,881,[UIG;BJO;PPT;WKK]
WMO,4467,11320,44787,2021,[DZO;WKK;UVA;UUN;COD]
SWB,3730,8598,34956,1444,[COD;QVI;XPY;SRH]
BOF,845,1189,5751,110,[SRH;TRU;RBK;YWA;ZVN;UXW]
XZS,4609,11883,46793,2144,[UXW;UWI;PYR;ZBP;NIU]
HRX,1723,2895,13073,359,[RCH]
QJB,3338,7286,30118,1175,[TCA]
MTO,2602,5084,21774,746,[NIU;VCK]
VMT,4216,10355,41332,1814,[OAL;VCK;CXB]
EEY,1331,2074,9635,231,[CXB;QEG;BHE;MFB;WIZ;DCP]
AOK,595,791,3917,64,[DCP;SJU;ZEL;XOB]
JGP,2209,4046,17715,556,[WBB]
FRC,1473,2360,10848,274,[HDU]
OJG,3087,6498,27166,1018,[NVF]
YBL,4702,12260,48127,2226,[XOB;VFG]
ULY,3966,9432,37998,1618,[VFG;SPW;CHO;AJZ;VLI;FCZ]
DDD,1080,1599,7577,163,[UQP;FCZ;UVL;BPB]
MVH,2695,5344,22777,795,[NIU;BPB;LHT]
IGU,1959,3436,15274,450,[LHT;XRX;GIO]
RYZ,3573,8061,32987,1333,[MOS;GIO;OCE]
NIL,2837,5751,24335,873,[OCE;CVQ;MMI;HOQ;FRC;DPL]
WAQ,4452,11261,44578,2009,[DPL;KKC;LJO;IUF]
GSV,1566,2555,11664,305,[IUF;QOV]
BDH,830,1164,5638,107,[QOV;EVA;LPQ;VSP]
LVM,2445,4658,20119,667,[HOO]
UNR,4059,9771,39227,1690,[QRL]
QXE,3323,7238,29939,1166,[VSP;HRM]
ZPI,4938,13237,51577,2441,[WBM;HRM;RUK;FAP;NVF]
VAV,4201,10299,41129,1802,[NVF;HXO;IWA;PQR]
ESA,1316,2045,9509,227,[PQR;NBH;OAU;JCC;JCP;EEY]
OKF,2931,6027,25385,926,[EEY;OHW;MXB;KIR;RCH]
JUR,2194,4009,17566,549,[RCH;GJM;NED;BKI;LNG]
TMW,3809,8873,35963,1501,[WLG]
CEB,924,1323,6354,127,[LNG;TIW]
YPN,4687,12199,47912,2213,[TIW;HPB;OJR]
HHS,1802,3072,13799,388,[SJJ;OJR;JLA]
DRF,1066,1573,7465,160,[JLA;KKN;UNL;PDN;PPG;KRP]
MJK,2680,5302,22614,787,[KRP;UIG;GSK;QVI;AMA]
VBO,4295,10654,42407,1878,[AMA;MWD]
RMB,3559,8013,32810,1323,[MWD;WNV;DIL;RAX]
BEG,673,911,4478,77,[BJO]
KWK,2288,4247,18508,592,[RAX;ZJG]
GGX,1551,2523,11531,300,[ZJG;WUX;UWI;ENA;ZPI;AOV]
PZC,3166,6742,28083,1067,[AOV;VQE;FUC;TAH]
LJO,2430,4618,19964,659,[TAH;AVX]
UBT,4044,9717,39028,1678,[BFX;AVX;IPN]
DTY,1159,1744,8212,183,[IPN;WWS;GZR;SXO;CAM;JVC]
ZEL,4923,13174,51355,2427,[JVC;XCH;FWX;CHO;AXT]
IWP,2037,3622,16025,482,[AXT;YIJ;YHW;GBM;BDV;BDH]
SOU,3652,8329,33971,1388,[BDH;ZNY;GIO;VPT;CJJ]
NYH,2916,5982,25216,917,[CJJ;DIW;YKF;IND;WUI]
XQM,4530,11569,45675,2076,[WUI;DPY]
TBY,3794,8820,35771,1490,[DPY;LJO;ZQT;GKK]
CTD,909,1297,6239,123,[GKK;QBB;FUN;ZWV;JNN;HQY]
LLI,2523,4868,20938,706,[HQY;FAP;MJY;BCK;LTC]
HVU,1787,3038,13660,383,[LTC;SNS]
QNZ,3402,7494,30888,1217,[SNS;EXW;OON;YSM]
AFE,516,673,3361,52,[YSM;JCP]
VQQ,4280,10597,42202,1866,[INS;JCP]
FIV,1395,2201,10177,250,[JCP;TTH;OVP]
ASI,658,887,4369,75,[OVP;PUC;KWK;UZJ]
KKN,2273,4208,18357,585,[UZJ;SQO]
TCR,3888,9152,36980,1559,[IWL;SQO;PAE;XVU;LCZ]
PNE,3151,6695,27908,1057,[LCZ;SWP;HDU;RGT]
YFJ,4766,12521,49053,2284,[RGT;YAJ]
HXO,1880,3251,14527,418,[YAJ;MHO;UBE;PDN]
DHA,1144,1716,8091,179,[PDN;PDA;ZGY;OND;VHT;QJB]
NZF,2759,5525,23474,829,[QJB;RIO;LKX;WNV;WMI]
IKS,2023,3588,15888,476,[WMI;RPQ]
SCW,3637,8278,33784,1378,[RPQ;SOD;NQL;XTK]
BUB,752,1036,5056,92,[XTK;IRH]
XEO,4515,11510,45464,2063,[IRH;SUF;AOV;OVA;VQQ;FHI]
GWT,1630,2692,12233,326,[FHI;RRM;BUK;ZTU;XVF]
POX,3245,6989,29010,1116,[XVF;SXO;BOF;QHR]
LZK,2508,4827,20780,698,[QHR;XQB]
URP,4123,10007,40079,1740,[XQB;HTZ;TDC;DUU;KOK;YHW]
QBB,3387,7445,30708,1207,[YHW;IYO]
ATG,501,651,3257,50,[IYO;DAW]
JML,2116,3814,16794,515,[DAW;EZJ;LUZ]
FWX,1380,2171,10049,245,[LUZ;GWH;HVU;FGL]
OOC,2994,6216,26100,963,[FGL;MAB]
XGH,4609,11884,46794,2144,[MAB;AHG;IBW;IBJ]
TRU,3873,9099,36787,1548,[IBJ;DDS;NGQ;BNV]
CJY,987,1432,6843,141,[BNV;JHL]
YTL,4751,12460,48836,2270,[JHL;QBB;EIG;MDX]
HLQ,1866,3218,14394,413,[MDX;AJC;KMA;FPI;GOV;NIL]
RDV,3480,7751,31840,1270,[NIL;LTC;JJH;GUX;HTK]
MOH,2744,5483,23310,821,[HTK;CVS]
WGM,4359,10900,43286,1931,[CVS;JQJ;KPV;IAM]
FYR,1473,2361,10849,274,[IAM;PUC]
BID,737,1012,4946,89,[PUC;DBH;KVX;UMP]
KAI,2352,4412,19159,622,[UMP;GWT;QZR;XIA]
GLV,1615,2660,12099,321,[XIA;MBM;HDU;RUM;PWY;MVH]
PDA,3230,6942,28834,1106,[MVH;WYG;IIJ;SZB;ZUR]
ZVE,4844,12845,50194,2355,[AJZ;ZUR;OND;VVM]
UFR,4108,9952,39879,1728,[VVM;FYL;TFQ;AZG;VBO;WBB]
EXW,1223,1865,8735,200,[WBB;RDK;BGI;CFV]
NPA,2837,5751,24336,873,[CFV;XHD]
JAN,2101,3778,16647,509,[XHD;XGQ;SIY;CLX]
SSS,3716,8549,34777,1433,[IWA]
OCE,2979,6171,25930,954,[CLX;OJU]
XUJ,4594,11824,46581,2131,[OJU;YMS;FHI;TON;BID;PPI]
GMO,1709,2864,12945,354,[PPI;ZSH;HMX;VTC;COS]
CXB,972,1406,6726,138,[EEY;COS;XQB]
MPF,2587,5043,21615,738,[XQB;YPN;VAE;TQJ;DTH;YVP]
VHK,4202,10302,41141,1803,[YVP;ZUC;UWL;EZJ;SGO]
RRX,3465,7701,31657,1259,[SGO;ABE]
AJC,580,768,3811,62,[ABE;KSW;VCZ;DWQ]
WUO,4344,10842,43079,1918,[DWQ;MOH;BGT;IBJ;GZT;ECE]
FMT,1458,2330,10719,270,[ECE;OTW;JVE;XOQ;HFI]
OEY,3073,6455,27004,1010,[HFI;OZY]
KOK,2337,4373,19006,615,[OZY;AJC;KBT;UES]
TGP,3951,9379,37804,1607,[UES;FCO]
DZU,1066,1573,7465,160,[FCO;QFN;LHV;LGI;TBY;QLP]
ZJG,4830,12785,49985,2342,[EMS]
IBL,1944,3400,15132,444,[QLP;OCT]
ELY,1208,1836,8612,196,[OCT;MMK;MMX;HOF;PIV;PHI]
NED,2823,5710,24178,865,[GUX;PHI;NSZ;UMP]
WWH,4437,11203,44370,1996,[UMP;JTU;QOK;EUP]
SGU,3701,8497,34588,1423,[UPE;EUP;MPF]
BYZ,816,1141,5533,104,[MPF;WSE;KZJ;RTZ;MVH;NUU]
LQE,2430,4618,19965,660,[NUU;UPK;IWP;SZO]
GBQ,1694,2831,12809,349,[SZO;NBW]
QTV,3308,7191,29761,1156,[NBW;OAJ;JCR;TFQ]
LDI,2572,5002,21456,731,[TFQ;RVU]
VVM,4187,10246,40938,1791,[RVU;PGL;ZXD;KHG;SCW;CTO]
ENR,1301,2015,9383,222,[BZV;CTO;NDS;XGQ]
AYE,565,746,3705,59,[XGQ;HXI;THL]
JQJ,2180,3973,17425,543,[CWD;THL;DZD]
TIN,3794,8821,35772,1490,[DZD;YBL;ZMF]
OSA,3058,6409,26831,1001,[XRX]
YKF,4673,12142,47709,2200,[ZMF;TCG]
TVR,3936,9325,37608,1596,[TCG;DFF;PPI;ZGA;GBQ;VHV]
DNW,1051,1546,7346,156,[VHV;FKU;MFK;AMP;IGF]
MFB,2666,5262,22462,779,[IGF;DIN;DHA;BSR]
IPN,1929,3365,14990,438,[GLP]
RHS,3544,7963,32626,1313,[BSR;ZIV]
AZX,659,889,4376,75,[BPQ;ZIV;JMU;EOC;ENP]
WKK,4422,11145,44162,1984,[NUJ;ENP;ZPX]
FCO,1537,2494,11407,295,[ZPX;KSW;YZB;FTR;GSE;BUM]
BMB,801,1116,5420,101,[KFC;BUM;LXL;WWH]
LEG,2415,4578,19810,652,[JCR;WWH;GZG;OTW;CAB]
UWL,4030,9665,38841,1667,[VHK;CAB]
QHX,3294,7145,29592,1147,[GNK;CAB]
ZZC,4908,13112,51135,2414,[CMK;CAB]
IRH,2023,3588,15888,476,[CAB;JUR;XBW]
EBT,1287,1988,9265,218,[XBW;FVM;DGD;DFQ]
NTY,2901,5938,25049,909,[DFQ;LAG]
JEL,2165,3936,17277,536,[SPW;LAG;FCO]
SWP,3780,8771,35590,1480,[PNE;FCO;GBB;EMS;LUB]
COU,894,1271,6124,120,[LUB;ZNN;HHD;RZV;CJY;MMX]
YYH,4658,12081,47494,2187,[WSE]
HRM,1772,3005,13523,377,[ZPI]
QJQ,3387,7445,30709,1208,[YIH]
MTD,2651,5220,22300,772,[IGF]
VLI,4265,10541,41999,1854,[MVQ]
RVU,3529,7913,32442,1303,[MMX;WDO]
AOZ,644,866,4268,72,[WDO;INS]
KGE,2258,4170,18207,578,[INS;SEK;NGS]
FQR,1522,2462,11276,290,[DZD;NGS;LID]
PIV,3137,6651,27744,1049,[LID;VAV;TKM;EUP;OMH;WGX]
YAA,4751,12460,48837,2270,[WGX;KNC;RHS;FAE;PRW]
ULN,4015,9610,38644,1656,[LBO]
DDS,1130,1690,7977,176,[PRW;XMM]
ZNE,4893,13049,50914,2400,[IMH;XMM;IWP]
IFJ,2008,3552,15744,470,[IWP;SNH;AHX;OOC;YRB]
SXO,3623,8230,33607,1368,[YRB;TTJ]
NIA,2886,5894,24882,900,[TTS;TTJ;USW]
XAF,4501,11454,45265,2051,[QZI;USW]
GSK,1616,2661,12107,321,[USW;PUE;ZXD]
CCW,879,1246,6010,117,[HUM]
LUB,2494,4789,20632,691,[COU]
HFO,1758,2973,13393,372,[ZXD;XOH]
QXT,3372,7397,30528,1198,[BHE;XOH;UZY;VYL;QAT]
ZPX,4987,13445,52307,2487,[WKK;QAT;XUJ]
VZK,4251,10487,41805,1842,[XUJ;LBO;VEN;DZD;RFI;YAY]
FRP,1365,2142,9922,241,[AAR;YAY;NHD]
OJU,2980,6173,25940,955,[NHD;UBT;EES;QCO]
KUG,2244,4134,18064,572,[QCO;AFN;VHV;VHI;QJQ;AAI]
TML,3858,9046,36594,1537,[PDL;AAI;BLC;WNK]
PWY,3122,6605,27570,1039,[WNK;GEC;ROF;ZIV]
YOC,4736,12399,48620,2257,[ZIV;JAN;XSZ;HKQ;OEH;AOK]
HGH,1851,3184,14255,407,[AOK;KFC;FHK;GSE;DRO]
DRU,1115,1662,7857,172,[DRO;BUZ]
MJY,2729,5440,23147,813,[LLI;BUZ;LLR]
WBD,4344,10842,43081,1918,[XHD;LLR]
RLQ,3608,8179,33420,1357,[LLR;GNZ;VFL]
BDV,722,988,4836,86,[NLM]
XOH,4486,11395,45055,2038,[VFL;COU]
GGM,1601,2629,11973,316,[EEJ;COU;MRT;XBW;HSO]
PYR,3215,6895,28658,1097,[HSO;PNE;DUJ;KOZ]
LID,2479,4749,20475,684,[JTJ;KOZ;IZQ;JYD;QST]
UBI,4094,9900,39690,1717,[QST;LUB;MTO;JEF]
ETN,1208,1836,8613,196,[KPV]
ZDA,4972,13381,52084,2473,[JEF;HVJ]
JVE,2087,3743,16509,503,[JCC;HVJ;FFA;MAQ;NZD]
EGR,1350,2112,9796,237,[NZD;IBL;SEK;GLP]
OYW,2965,6128,25770,946,[GLP;OFF]
XQB,4580,11767,46380,2119,[FPR;OFF]
TAN,3843,8993,36401,1526,[OFF;CMK;JHA]
CSS,958,1382,6617,134,[JHA;QBQ;FIV;PLU]
LKX,2573,5004,21465,731,[PLU;KNC]
HVJ,1836,3150,14115,401,[ZGA;KNC;KMP]
RNO,3451,7655,31484,1250,[KMA;KMP]
MXB,2715,5400,22993,806,[OKF;KMP]
WPF,4329,10785,42875,1906,[KMP;SGF;PFP]
FHK,1444,2301,10598,265,[KVX;PFP;NIA]
BSX,708,966,4732,83,[NIA;LSR;VKI;HUM;OOC;YFU]
KKC,2322,4335,18854,608,[WAQ;YFU;JPX;TGP]
TCG,3937,9328,37619,1596,[DFQ;TGP;IZB;PUR;ZLJ]
PMT,3200,6848,28482,1088,[ZLJ;LVM;VYL]
YEY,4815,12724,49768,2328,[EOC]
UPK,4079,9844,39491,1705,[GOV]
EHP,1193,1808,8490,192,[VYL;CGU]
NZU,2808,5667,24014,857,[IDY;CGU;QZG;AQX;VSG]
JJH,2072,3707,16363,496,[VSG;TVR;RUB;BXZ]
SBL,3686,8446,34400,1412,[BXZ;NHD]
BTQ,801,1116,5421,101,[NHD;XYV;ESL;SZQ]
XED,4565,11708,46168,2106,[ZHL;SZQ;ATG]
GWH,1679,2798,12674,343,[ATG;KXE;VVB;FYA;AAI;BZV]
CGU,943,1356,6501,131,[EHP;BZV;WBD]
LYZ,2558,4963,21306,723,[RMM;WBD;WAQ;GDO;BFX]
VQE,4172,10190,40738,1779,[BFX;CEK;XHS;HKQ]
QBQ,3436,7605,31302,1240,[HKQ;TIN]
ATV,551,725,3606,57,[TIN;DLM;DKY;YMH;GGX;UNC]
JLA,2165,3936,17278,537,[DRF;UNC;BIS;LLR]
FVM,1429,2270,10469,260,[LLR;ZSW;HMM]
OOR,3044,6366,26669,992,[HMM;RDD;CNH;AYY]
KYE,2307,4296,18702,601,[AYY;HGH]
TQJ,3922,9274,37424,1585,[MFK;HGH;IRB;DUJ;ETW]
DIN,1037,1521,7235,153,[GFN;ETW;ZVE]
YTA,4800,12662,49549,2314,[ZVE;JMW;XFI;EZY;OQP;AAT]
ILF,1915,3332,14856,432,[AAT;HVJ;RMB;GFN]
RDK,3529,7914,32443,1303,[EXW]
NNW,2793,5623,23849,848,[PEW]
WFB,4408,11090,43965,1972,[LCV]
SQO,3672,8397,34221,1402,[GFN;NNW]
BIS,786,1091,5309,98,[ZWV;NNW;KYN;IAY;SRQ]
KAX,2401,4541,19664,645,[SRQ;NTY;CMK;MDB]
GKK,1664,2766,12539,338,[BGI]
QCO,3279,7098,29415,1138,[OJU]
ZUT,4894,13052,50926,2400,[SQH]
VFG,4157,10134,40537,1767,[ULY]
EXL,1272,1959,9141,214,[KGN]
AHX,536,702,3501,55,[IFJ]
JZC,2150,3899,17130,530,[JTU]
SRH,3765,8719,35401,1469,[BOF]
OCT,3029,6321,26498,983,[MDB;TYS]
XUY,4643,12021,47281,2174,[YAY;TYS;HFX]
HMD,1758,2973,13393,372,[HFX;PZN;WTD]
DWQ,1022,1494,7117,149,[ZXG;WTD;KAI;UDG;PFP]
MOU,2636,5179,22140,764,[UZJ;PFP;QEC]
IZH,1900,3297,14715,426,[URA;QEC]
RRM,3515,7866,32268,1293,[GWT;QEC]
AJR,629,843,4161,70,[NBW;QEC]
WTD,4393,11032,43758,1959,[HMD;QEC]
FLI,1508,2433,11153,285,[QEC;XZS;LGX]
PDN,3122,6606,27571,1040,[PRW;LGX;TAN]
KOZ,2386,4502,19509,638,[TAN;QLE;RKQ;MMZ;TGP;UGC]
UGE,4001,9559,38457,1645,[ZQT;UGC;SQS;QHX]
PQR,3264,7050,29237,1128,[QHX;NSO;VME;JTJ;QNZ;AQX]
ZIV,4879,12990,50706,2387,[PKY]
IBA,1993,3517,15601,463,[AQX;MOU]
ELN,1257,1930,9017,210,[MOU;WRT;GJK;STO;ZNE;NUJ]
NDS,2872,5853,24724,892,[XFI;NUJ;XXH;SZQ]
XVW,4486,11396,45057,2038,[PUR;SZQ;TYD]
SGJ,3750,8667,35210,1458,[XYV;TYD]
CYO,865,1222,5903,114,[TYD;OAL;YRD]
XIA,4628,11961,47067,2161,[YRD;WUO;TFF;DWW]
HAF,1743,2940,13256,366,[MEZ]
QSK,3358,7351,30358,1188,[DWW;PGA]
MDX,2621,5137,21980,756,[NBH;PGA]
VVB,4236,10431,41603,1830,[GWH;PGA]
ENG,1351,2114,9803,237,[FYL;PGA]
AXT,614,820,4053,67,[IWP;PGA]
JPX,2229,4097,17915,565,[PGA;WAQ;GRI]
FAK,1493,2402,11022,281,[GRI;SBL;CTD;MWB]
